"b24_conduct_check_attempts","5"
"b24_doc_delay_ms","700"
"default_currency","KGS"
"default_responsible_id","1"
"default_store_from_id","1"
"default_store_to_id","1"
"sync_batch_limit","100"
"sync_cycle_last_run_json","{""ok"":true,""chunk"":30,""store_id"":1,""stock"":{""processed"":30,""errors"":30,""offset_before"":0,""offset_after"":30,""total"":284},""price_push"":{""processed"":30,""errors"":0,""offset_before"":0,""offset_after"":30,""total"":52},""price_pull_check"":{""checked"":50,""conflicts"":13"
"sync_cycle_price_pull_start","50"
"sync_cycle_price_push_offset","30"
"sync_cycle_stock_offset","30"
"usd_rate","88.0000"
"usd_to_kgs_rate","87.5"
"1","price_mismatch","101","29","0.00","2169.00","Разница цены между приложением и Б24","new","2026-04-30 16:16:34"
"2","price_mismatch","105","30","0.00","2169.00","Разница цены между приложением и Б24","new","2026-04-30 16:16:34"
"3","price_mismatch","109","31","0.00","2169.00","Разница цены между приложением и Б24","new","2026-04-30 16:16:34"
"4","price_mismatch","113","32","0.00","2169.00","Разница цены между приложением и Б24","new","2026-04-30 16:16:34"
"5","price_mismatch","117","33","0.00","2169.00","Разница цены между приложением и Б24","new","2026-04-30 16:16:34"
"6","price_mismatch","121","34","0.00","2169.00","Разница цены между приложением и Б24 | Решение: Б24 выровнен по складу","resolved","2026-04-30 16:16:34"
"7","stock_field_mismatch","125","35","60.00","0.00","Разница остатка между приложением и Б24 (поле товара) | Решение: Б24 выровнен по складу","resolved","2026-04-30 16:16:34"
"8","stock_field_mismatch","149","41","430.00","0.00","Разница остатка между приложением и Б24 (поле товара)","new","2026-04-30 16:16:34"
"9","price_mismatch","153","42","0.00","7126.00","Разница цены между приложением и Б24","new","2026-04-30 16:16:34"
"10","price_mismatch","157","43","0.00","4648.00","Разница цены между приложением и Б24","new","2026-04-30 16:16:34"
"11","stock_field_mismatch","157","43","30.00","0.00","Разница остатка между приложением и Б24 (поле товара)","new","2026-04-30 16:16:34"
"12","price_mismatch","161","44","0.00","7126.00","Разница цены между приложением и Б24","new","2026-04-30 16:16:34"
"13","price_mismatch","165","45","0.00","8799.00","Разница цены между приложением и Б24","new","2026-04-30 16:16:34"
"4","Товар #4","15.00",NULL,NULL,NULL,NULL,NULL,NULL,"0.00",NULL,NULL,NULL,NULL,"pending",NULL,NULL,"0.00"
"5","Поклейка защитной пленки","30.00",NULL,NULL,NULL,NULL,NULL,NULL,"0.00",NULL,"45","19",NULL,"sent",NULL,"2026-04-29 23:45:50","0.00"
"6","Тонировка стёкол","30.00",NULL,NULL,NULL,NULL,NULL,NULL,"0.00",NULL,"47","19",NULL,"sent",NULL,"2026-04-29 23:45:51","0.00"
"7","Шумоизоляция","30.00",NULL,NULL,NULL,NULL,NULL,NULL,"0.00",NULL,"49","19",NULL,"sent",NULL,"2026-04-29 23:45:52","0.00"
"8","Полировка","30.00",NULL,NULL,NULL,NULL,NULL,NULL,"0.00",NULL,"51","19",NULL,"sent",NULL,"2026-04-29 23:45:52","0.00"
"9","Химчистка","30.00",NULL,NULL,NULL,NULL,NULL,NULL,"0.00",NULL,"53","19",NULL,"sent",NULL,"2026-04-29 23:45:53","0.00"
"10","Антихром","30.00",NULL,NULL,NULL,NULL,NULL,NULL,"0.00",NULL,"55","19",NULL,"sent",NULL,"2026-04-29 23:45:53","0.00"
"11","Шумоизоляция","30.00",NULL,NULL,NULL,NULL,NULL,NULL,"0.00",NULL,"57","19",NULL,"sent",NULL,"2026-04-29 23:45:54","0.00"
"12","Шиномонтаж+шины+диски","30.00",NULL,NULL,NULL,NULL,NULL,NULL,"0.00",NULL,"59","19",NULL,"sent",NULL,"2026-04-29 23:45:54","0.00"
"13","Малярка","30.00",NULL,NULL,NULL,NULL,NULL,NULL,"0.00",NULL,"61","19",NULL,"sent",NULL,"2026-04-29 23:45:55","0.00"
"14","Кузовные работы","30.00",NULL,NULL,NULL,NULL,NULL,NULL,"0.00",NULL,"63","19",NULL,"sent",NULL,"2026-04-29 23:45:55","0.00"
"15","Тюнинг","30.00",NULL,NULL,NULL,NULL,NULL,NULL,"0.00",NULL,"65","19",NULL,"sent",NULL,"2026-04-29 23:45:56","0.00"
"16","Прошивка","30.00",NULL,NULL,NULL,NULL,NULL,NULL,"0.00",NULL,"67","19",NULL,"sent",NULL,"2026-04-29 23:45:56","0.00"
"17","IT оборудование","30.00",NULL,NULL,NULL,NULL,NULL,NULL,"0.00",NULL,"69","19",NULL,"sent",NULL,"2026-04-29 23:45:57","0.00"
"18","Звук","30.00",NULL,NULL,NULL,NULL,NULL,NULL,"0.00",NULL,"71","19",NULL,"sent",NULL,"2026-04-29 23:45:57","0.00"
"19","Обвесы","30.00",NULL,NULL,NULL,NULL,NULL,NULL,"0.00",NULL,"73","19",NULL,"sent",NULL,"2026-04-29 23:45:58","0.00"
"20","Оклейка салона","30.00",NULL,NULL,NULL,NULL,NULL,NULL,"0.00",NULL,"75","19",NULL,"sent",NULL,"2026-04-29 23:45:58","0.00"
"21","Подсветка","30.00",NULL,NULL,NULL,NULL,NULL,NULL,"0.00",NULL,"77","19",NULL,"sent",NULL,"2026-04-29 23:45:59","0.00"
"22","Перешив сидений","30.00",NULL,NULL,NULL,NULL,NULL,NULL,"0.00",NULL,"79","19",NULL,"sent",NULL,"2026-04-29 23:45:59","0.00"
"23","Перешив руля","30.00",NULL,NULL,NULL,NULL,NULL,NULL,"0.00",NULL,"81","19",NULL,"sent",NULL,"2026-04-29 23:46:00","0.00"
"24","Перешив салона","30.00",NULL,NULL,NULL,NULL,NULL,NULL,"0.00",NULL,"83","19",NULL,"sent",NULL,"2026-04-29 23:46:00","0.00"
"25","Тонировочные пленки","30.00",NULL,NULL,NULL,NULL,NULL,NULL,"0.00",NULL,"85","19",NULL,"sent",NULL,"2026-04-29 23:46:01","0.00"
"26","IRXTM 05 CH SR HPR","30.00","64750.00","84175.00","126875.00",NULL,NULL,"110250.00","5250.00",NULL,"89","19",NULL,"sent",NULL,"2026-04-29 23:46:01","0.00"
"27","IRXTM 15 CH SR HPR","30.00","61687.50","80237.50","120750.00",NULL,NULL,"105000.00","5250.00",NULL,"93","19",NULL,"sent",NULL,"2026-04-29 23:46:02","0.00"
"28","IRXTM 35 CH SR HPR","30.00","61687.50","80237.50","120750.00",NULL,NULL,"105000.00","5250.00",NULL,"97","19",NULL,"sent",NULL,"2026-04-29 23:46:02","0.00"
"29","ATС 05 CH SR HPR ","30.00",NULL,NULL,NULL,NULL,NULL,NULL,"0.00",NULL,"101","19",NULL,"sent",NULL,"2026-04-29 23:46:03","0.00"
"30","ATС 15 CH SR HPR","30.00",NULL,NULL,NULL,NULL,NULL,NULL,"0.00",NULL,"105","19",NULL,"sent",NULL,"2026-04-29 23:46:03","0.00"
"31","ATС 20 CH SR HPR","30.00",NULL,NULL,NULL,NULL,NULL,NULL,"0.00",NULL,"109","19",NULL,"sent",NULL,"2026-04-29 23:46:04","0.00"
"32","ATС 35 CH SR HPR","30.00",NULL,NULL,NULL,NULL,NULL,NULL,"0.00",NULL,"113","19",NULL,"sent",NULL,"2026-04-29 23:46:04","0.00"
"33","ATС 50 CH SR HPR","30.00",NULL,NULL,NULL,NULL,NULL,NULL,"0.00",NULL,"117","19",NULL,"sent",NULL,"2026-04-29 23:46:05","0.00"
"34","ATС 70 CH SR HPR","30.00",NULL,NULL,NULL,NULL,NULL,NULL,"0.00",NULL,"121","19",NULL,"sent",NULL,"2026-04-29 23:46:05","0.00"
"35","ATR 05 CH SR HPR","30.00","21000.00","27300.00","41125.00",NULL,NULL,"35875.00","2712.50",NULL,"125","19",NULL,"sent",NULL,"2026-04-29 23:46:06","0.00"
"36","ATR 15 CH SR HPR","30.00","21000.00","27300.00","41125.00",NULL,NULL,"35875.00","2712.50",NULL,"129","19",NULL,"sent",NULL,"2026-04-29 23:46:06","0.00"
"37","ATR 20 CH SR HPR","30.00","21000.00","27300.00","41125.00",NULL,NULL,"35875.00","2712.50",NULL,"133","19",NULL,"sent",NULL,"2026-04-29 23:46:07","0.00"
"38","ATR 35 CH SR HPR","30.00","21000.00","27300.00","41125.00",NULL,NULL,"35875.00","2712.50",NULL,"137","19",NULL,"sent",NULL,"2026-04-29 23:46:07","0.00"
"39","ATR 50 CH SR HPR","30.00","21000.00","27300.00","41125.00",NULL,NULL,"35875.00","2712.50",NULL,"141","19",NULL,"sent",NULL,"2026-04-29 23:46:08","0.00"
"40","AIR 75 IR SR HPR - 1,52 х 30 м","30.00","11287.50","0.00",NULL,NULL,NULL,NULL,"376.25",NULL,"1145","19",NULL,"sent",NULL,"2026-04-29 23:46:08","0.00"
"41","AIR 75 IR SR HPR    0,9 х 30 м","30.00","90000.00","100000.00",NULL,NULL,NULL,NULL,"3333.33",NULL,"149","19",NULL,"sent",NULL,"2026-04-29 23:46:09","0.00"
"42","AIR 80 BLSRHPR - 1,52 х 30 м","30.00",NULL,NULL,NULL,NULL,NULL,NULL,"0.00",NULL,"153","19",NULL,"sent",NULL,"2026-04-29 23:46:09","0.00"
"43","AIR 80 BLSRHPR  0,90 х 30 м","30.00","0.00",NULL,NULL,NULL,NULL,NULL,"0.00",NULL,"157","19",NULL,"sent",NULL,"2026-04-29 23:46:10","0.00"
"44","AIR 90 СLSRHPR  1,52Х 30 м","30.00",NULL,NULL,NULL,NULL,NULL,NULL,"0.00",NULL,"161","19",NULL,"sent",NULL,"2026-04-29 23:46:10","0.00"
"45","AIR 90 СLSRHPR  1,83Х 30 м","30.00",NULL,NULL,NULL,NULL,NULL,NULL,"0.00",NULL,"165","19",NULL,"sent",NULL,"2026-04-29 23:46:11","0.00"
"46","Carbon CBS ST BK 0330","30.00","4987.50","5862.50","9975.00","8837.50",NULL,"7350.00","700.00",NULL,"169","19",NULL,"sent",NULL,"2026-04-29 23:46:11","0.00"
"47","Carbon CBS ST BK 0530","30.00","4987.50","5862.50","9975.00","8837.50",NULL,"7350.00","700.00",NULL,"173","19",NULL,"sent",NULL,"2026-04-29 23:46:12","0.00"
"48","Carbon CBS ST BK 1530","30.00","4987.50","5862.50","9975.00","8837.50",NULL,"7350.00","700.00",NULL,"177","19",NULL,"sent",NULL,"2026-04-29 23:46:12","0.00"
"49","Carbon CBS ST BK 2030","30.00","4987.50","5862.50","9975.00","8837.50",NULL,"7350.00","700.00",NULL,"181","19",NULL,"sent",NULL,"2026-04-29 23:46:13","0.00"
"50","Carbon CBS ST BK 3530","30.00","4987.50","5862.50","9975.00","8837.50",NULL,"7350.00","700.00",NULL,"185","19",NULL,"sent",NULL,"2026-04-29 23:46:13","0.00"
"51","Carbon CBS ST BK 5030","30.00","4987.50","5862.50","9975.00","8837.50",NULL,"7350.00","700.00",NULL,"189","19",NULL,"sent",NULL,"2026-04-29 23:46:14","0.00"
"52","Carbon CBS ST BK 7030","30.00","4987.50","5862.50","9975.00","8837.50",NULL,"7350.00","700.00",NULL,"193","19",NULL,"sent",NULL,"2026-04-29 23:46:14","0.00"
"53","HP 03 Black SR PS","30.00","5862.50","6737.50","11462.50","10150.00",NULL,"8400.00","787.50",NULL,"197","19",NULL,"sent",NULL,"2026-04-29 23:46:15","0.00"
"54","HP 05 Black SR PS","30.00","5862.50","6737.50","11462.50","10150.00",NULL,"8400.00","787.50",NULL,"201","19",NULL,"sent",NULL,"2026-04-29 23:46:15","0.00"
"55","HP 15 Black SR PS","30.00","5862.50","6737.50","11462.50","10150.00",NULL,"8400.00","787.50",NULL,"205","19",NULL,"sent",NULL,"2026-04-29 23:46:15","0.00"
"56","HP 20 Black SR PS","30.00","5862.50","6737.50","11462.50","10150.00",NULL,"8400.00","787.50",NULL,"209","19",NULL,"sent",NULL,"2026-04-29 23:46:16","0.00"
"57","HP 35 Black SR PS","30.00","5862.50","6737.50","11462.50","10150.00",NULL,"8400.00","787.50",NULL,"213","19",NULL,"sent",NULL,"2026-04-29 23:46:16","0.00"
"58","HP 50 Black SR PS","30.00","5862.50","6737.50","11462.50","10150.00",NULL,"8400.00","787.50",NULL,"217","19",NULL,"sent",NULL,"2026-04-29 23:46:17","0.00"
"59","HP 70 Black SR PS","30.00","5862.50","6737.50","11462.50","10150.00",NULL,"8400.00","787.50",NULL,"221","19",NULL,"sent",NULL,"2026-04-29 23:46:17","0.00"
"60","Ceramic PIR8070","30.00","11987.50","12862.50","21875.00","19337.50",NULL,"16100.00","1487.50",NULL,"225","19",NULL,"sent",NULL,"2026-04-29 23:46:18","0.00"
"61","Super IR 7080 BLUE","30.00",NULL,NULL,NULL,NULL,NULL,NULL,"0.00",NULL,"229","19",NULL,"sent",NULL,"2026-04-29 23:46:18","0.00"
"62","Super IR 7080 GREEN","30.00","13300.00","14175.00","24062.50","21262.50",NULL,"17762.50","1662.50",NULL,"233","19",NULL,"sent",NULL,"2026-04-29 23:46:19","0.00"
"63","Super IR 7080 BLUE    NEW+","30.00","13300.00","14175.00","24062.50","21262.50",NULL,"17762.50","1662.50",NULL,"237","19",NULL,"sent",NULL,"2026-04-29 23:46:19","0.00"
"64","LUXFIL CARBON NANO CERAMIC 0590","30.00","4900.00","6387.50","10850.00","9537.50",NULL,"7962.50","700.00",NULL,"241","19",NULL,"sent",NULL,"2026-04-29 23:46:20","0.00"
"65","LUXFIL CARBON NANO CERAMIC 1590","30.00","4900.00","6387.50","10850.00","9537.50",NULL,"7962.50","700.00",NULL,"245","19",NULL,"sent",NULL,"2026-04-29 23:46:20","0.00"
"66","LUXFIL CARBON NANO CERAMIC 3590","30.00","4900.00","6387.50","10850.00","9537.50",NULL,"7962.50","700.00",NULL,"249","19",NULL,"sent",NULL,"2026-04-29 23:46:21","0.00"
"67","LUXFIL CARBON NANO CERAMIC 5090","30.00","4900.00","6387.50","10850.00","9537.50",NULL,"7962.50","700.00",NULL,"253","19",NULL,"sent",NULL,"2026-04-29 23:46:21","0.00"
"68","LUXFIL CARBON NANO CERAMIC 7090","30.00","4900.00","6387.50","10850.00","9537.50",NULL,"7962.50","700.00",NULL,"257","19",NULL,"sent",NULL,"2026-04-29 23:46:22","0.00"
"69","LUXFIL PPF 05","30.00",NULL,NULL,NULL,NULL,NULL,NULL,"0.00",NULL,"261","19",NULL,"sent",NULL,"2026-04-29 23:46:22","0.00"
"70","LUXFIL PPF 15","30.00",NULL,NULL,NULL,NULL,NULL,NULL,"0.00",NULL,"265","19",NULL,"sent",NULL,"2026-04-29 23:46:23","0.00"
"71","LUXFIL CERAMIC IR7590","30.00","6562.50","8575.00","14525.00","12775.00",NULL,"10675.00","962.50",NULL,"269","19",NULL,"sent",NULL,"2026-04-29 23:46:23","0.00"
"72","LUXFIL AIR90   Blue","30.00","5512.50","7262.50","12337.50","10937.50",NULL,"9100.00","875.00",NULL,"273","19",NULL,"sent",NULL,"2026-04-29 23:46:24","0.00"
"73","LUXFIL BLACK 03","30.00",NULL,NULL,NULL,NULL,NULL,NULL,"0.00",NULL,"277","19",NULL,"sent",NULL,"2026-04-29 23:46:24","0.00"
"74","LUXFIL BLACK 05","50.00",NULL,NULL,"3150.00","3150.00",NULL,"3937.50","3150.00",NULL,"281","19",NULL,"sent",NULL,"2026-04-29 23:46:25","0.00"
"75","LUXFIL BLACK 15","50.00",NULL,NULL,"3150.00","3150.00",NULL,"3937.50","3150.00",NULL,"285","19",NULL,"sent",NULL,"2026-04-29 23:46:25","0.00"
"76","LUXFIL BLACK 35","50.00",NULL,NULL,"3150.00","3150.00",NULL,"3937.50","3150.00",NULL,"289","19",NULL,"sent",NULL,"2026-04-29 23:46:26","0.00"
"77","LUXFIL BLACK 50","50.00",NULL,NULL,"3150.00","3150.00",NULL,"3937.50","3150.00",NULL,"293","19",NULL,"sent",NULL,"2026-04-29 23:46:26","0.00"
"78","LUXFIL BLACK 70","50.00",NULL,NULL,"3150.00","3150.00",NULL,"3937.50","3150.00",NULL,"297","19",NULL,"sent",NULL,"2026-04-29 23:46:27","0.00"
"79","LUXFIL BLACK 80","50.00",NULL,NULL,"3150.00","3150.00",NULL,"3937.50","3150.00",NULL,"301","19",NULL,"sent",NULL,"2026-04-29 23:46:27","0.00"
"80","КПМФ черный глянец","30.00",NULL,NULL,NULL,NULL,NULL,NULL,"0.00",NULL,"305","19",NULL,"sent",NULL,"2026-04-29 23:46:28","0.00"
"81","КПМФ черная структурная","30.00",NULL,NULL,NULL,NULL,NULL,NULL,"0.00",NULL,"309","19",NULL,"sent",NULL,"2026-04-29 23:46:28","0.00"
"82","КПМФ прозрачная (салон)","30.00",NULL,NULL,NULL,NULL,NULL,NULL,"0.00",NULL,"313","19",NULL,"sent",NULL,"2026-04-29 23:46:28","0.00"
"83","КПМФ Матт (салон)","30.00",NULL,NULL,NULL,NULL,NULL,NULL,"0.00",NULL,"317","19",NULL,"sent",NULL,"2026-04-29 23:46:29","0.00"
"84","Medium (средний топ)","30.00",NULL,NULL,NULL,NULL,NULL,NULL,"0.00",NULL,"321","19",NULL,"sent",NULL,"2026-04-29 23:46:29","0.00"
"85","Soft (мягкий топ)","30.00",NULL,NULL,NULL,NULL,NULL,NULL,"0.00",NULL,"325","19",NULL,"sent",NULL,"2026-04-29 23:46:30","0.00"
"86","Satin (матт - сати)","30.00",NULL,NULL,NULL,NULL,NULL,NULL,"0.00",NULL,"329","19",NULL,"sent",NULL,"2026-04-29 23:46:31","0.00"
"87","Stek Smoke","30.00",NULL,NULL,NULL,NULL,NULL,NULL,"0.00",NULL,"333","19",NULL,"sent",NULL,"2026-04-29 23:46:31","0.00"
"88","Stek Storm","30.00",NULL,NULL,NULL,NULL,NULL,NULL,"0.00",NULL,"337","19",NULL,"sent",NULL,"2026-04-29 23:46:31","0.00"
"89","Stek Shade","30.00",NULL,NULL,NULL,NULL,NULL,NULL,"0.00",NULL,"341","19",NULL,"sent",NULL,"2026-04-29 23:46:32","0.00"
"90","Stek Dyno Flex TOP","30.00",NULL,NULL,NULL,NULL,NULL,NULL,"0.00",NULL,"345","19",NULL,"sent",NULL,"2026-04-29 23:46:32","0.00"
"91","Stek DYNO matte","30.00",NULL,NULL,NULL,NULL,NULL,NULL,"0.00",NULL,"349","19",NULL,"sent",NULL,"2026-04-29 23:46:33","0.00"
"92","ORACAL 970 черный глянец","30.00",NULL,NULL,NULL,NULL,NULL,NULL,"0.00",NULL,"353","19",NULL,"sent",NULL,"2026-04-29 23:46:33","0.00"
"93","ORACAL 8300 полупрозрач глянец","30.00",NULL,NULL,NULL,NULL,NULL,NULL,"0.00",NULL,"357","19",NULL,"sent",NULL,"2026-04-29 23:46:34","0.00"
"94","Mono PPF (мягкий топ)","30.00",NULL,NULL,NULL,NULL,NULL,NULL,"0.00",NULL,"361","19",NULL,"sent",NULL,"2026-04-29 23:46:34","0.00"
"95","Mono PRO  (твердый топ)","30.00",NULL,NULL,NULL,NULL,NULL,NULL,"0.00",NULL,"365","19",NULL,"sent",NULL,"2026-04-29 23:46:35","0.00"
"96","MONO TPU PPF Plus (мягкий топ)","30.00",NULL,NULL,NULL,NULL,NULL,NULL,"0.00",NULL,"369","19",NULL,"sent",NULL,"2026-04-29 23:46:35","0.00"
"97","Mono PPF Matte","30.00",NULL,NULL,NULL,NULL,NULL,NULL,"0.00",NULL,"373","19",NULL,"sent",NULL,"2026-04-29 23:46:36","0.00"
"98","MONO TPU Satin","30.00",NULL,NULL,NULL,NULL,NULL,NULL,"0.00",NULL,"377","19",NULL,"sent",NULL,"2026-04-29 23:46:36","0.00"
"99","Mono TPU Black Gloss","30.00",NULL,NULL,NULL,NULL,NULL,NULL,"0.00",NULL,"381","19",NULL,"sent",NULL,"2026-04-29 23:46:37","0.00"
"100","MONO TPU Black Satin","30.00",NULL,NULL,NULL,NULL,NULL,NULL,"0.00",NULL,"385","19",NULL,"sent",NULL,"2026-04-29 23:46:37","0.00"
"101","Premium","30.00",NULL,NULL,NULL,NULL,NULL,NULL,"0.00",NULL,"389","19",NULL,"sent",NULL,"2026-04-29 23:46:38","0.00"
"102","Premium Matte","30.00",NULL,NULL,NULL,NULL,NULL,NULL,"0.00",NULL,"393","19",NULL,"sent",NULL,"2026-04-29 23:46:38","0.00"
"103","Xside","30.00",NULL,NULL,NULL,NULL,NULL,NULL,"0.00",NULL,"397","19",NULL,"sent",NULL,"2026-04-29 23:46:39","0.00"
"104","Satin","30.00",NULL,NULL,NULL,NULL,NULL,NULL,"0.00",NULL,"401","19",NULL,"sent",NULL,"2026-04-29 23:46:39","0.00"
"105","Риджит (ridgit)","30.00",NULL,NULL,NULL,NULL,NULL,NULL,"0.00",NULL,"405","19",NULL,"sent",NULL,"2026-04-29 23:46:40","0.00"
"106","Хард Глосс (hard gloss)","30.00",NULL,NULL,NULL,NULL,NULL,NULL,"0.00",NULL,"409","19",NULL,"sent",NULL,"2026-04-29 23:46:40","0.00"
"107","Hybrid Black","30.00",NULL,NULL,NULL,NULL,NULL,NULL,"0.00",NULL,"413","19",NULL,"sent",NULL,"2026-04-29 23:46:41","0.00"
"108","LUXFIL PPF TPH MATTE","30.00",NULL,NULL,NULL,NULL,NULL,NULL,"0.00",NULL,"417","19",NULL,"sent",NULL,"2026-04-29 23:46:41","0.00"
"109","LUXFIL PPF TPH GLOSS","30.00",NULL,NULL,NULL,NULL,NULL,NULL,"0.00",NULL,"421","19",NULL,"sent",NULL,"2026-04-29 23:46:42","0.00"
"110","LUXFIL PPF TPU GLOSS A","30.00",NULL,NULL,NULL,NULL,NULL,NULL,"0.00",NULL,"425","19",NULL,"sent",NULL,"2026-04-29 23:46:42","0.00"
"111","LUXFIL PPF TPU GLOSS S","30.00",NULL,NULL,NULL,NULL,NULL,NULL,"0.00",NULL,"429","19",NULL,"sent",NULL,"2026-04-29 23:46:43","0.00"
"112","LUXFIL PPF TPU GLOSS SS","30.00",NULL,NULL,NULL,NULL,NULL,NULL,"0.00",NULL,"433","19",NULL,"sent",NULL,"2026-04-29 23:46:43","0.00"
"113","LUXFIL PPF TPU MATTE","30.00",NULL,NULL,NULL,NULL,NULL,NULL,"0.00",NULL,"437","19",NULL,"sent",NULL,"2026-04-29 23:46:43","0.00"
"114","LUXFIL  TPH  А10","30.00",NULL,NULL,NULL,NULL,NULL,NULL,"0.00",NULL,"441","19",NULL,"sent",NULL,"2026-04-29 23:46:44","0.00"
"115","LUXFIL   TPU  C1","30.00",NULL,NULL,NULL,NULL,NULL,NULL,"0.00",NULL,"445","19",NULL,"sent",NULL,"2026-04-29 23:46:44","0.00"
"116","Nexfil PPF Clear","30.00",NULL,NULL,NULL,NULL,NULL,NULL,"0.00",NULL,"449","19",NULL,"sent",NULL,"2026-04-29 23:46:45","0.00"
"117","Luxfil Proffesional = Mapro","30.00",NULL,NULL,NULL,NULL,NULL,NULL,"0.00",NULL,"453","19",NULL,"sent",NULL,"2026-04-29 23:46:45","0.00"
"118","Luxfil Matt = Mapro","30.00",NULL,NULL,NULL,NULL,NULL,NULL,"0.00",NULL,"457","19",NULL,"sent",NULL,"2026-04-29 23:46:46","0.00"
"119","G-Suit","30.00",NULL,NULL,NULL,NULL,NULL,NULL,"0.00",NULL,"461","19",NULL,"sent",NULL,"2026-04-29 23:46:46","0.00"
"120","Luxfil ClearShield","30.00",NULL,NULL,NULL,NULL,NULL,NULL,"0.00",NULL,"465","19",NULL,"sent",NULL,"2026-04-29 23:46:47","0.00"
"121","Luxfil ClearShield Hard","30.00",NULL,NULL,NULL,NULL,NULL,NULL,"0.00",NULL,"469","19",NULL,"sent",NULL,"2026-04-29 23:46:47","0.00"
"122","LUXFIL PPF ClearShield Matt ","30.00",NULL,NULL,NULL,NULL,NULL,NULL,"0.00",NULL,"473","19",NULL,"sent",NULL,"2026-04-29 23:46:48","0.00"
"123","Luxfil ClearShield Light","30.00",NULL,NULL,NULL,NULL,NULL,NULL,"0.00",NULL,"477","19",NULL,"sent",NULL,"2026-04-29 23:46:48","0.00"
"124","RAN  T","30.00",NULL,NULL,NULL,NULL,NULL,NULL,"0.00",NULL,"481","19",NULL,"sent",NULL,"2026-04-29 23:46:49","0.00"
"125","RAN  M","30.00",NULL,NULL,NULL,NULL,NULL,NULL,"0.00",NULL,"485","19",NULL,"sent",NULL,"2026-04-29 23:46:49","0.00"
"126","RAN   H","30.00",NULL,NULL,NULL,NULL,NULL,NULL,"0.00",NULL,"489","19",NULL,"sent",NULL,"2026-04-29 23:46:50","0.00"
"127","Luxfil PPF  Hydrophobic 3M Glue 7,5ml","30.00",NULL,NULL,NULL,NULL,NULL,NULL,"0.00",NULL,"493","19",NULL,"sent",NULL,"2026-04-29 23:46:50","0.00"
"128","Luxfil PPF Generation 1 TPU-S 7,5ml","30.00",NULL,NULL,NULL,NULL,NULL,NULL,"0.00",NULL,"497","19",NULL,"sent",NULL,"2026-04-29 23:46:51","0.00"
"129","Luxfil PPF Generation 2 TPU-SW 7,5ml","30.00",NULL,NULL,NULL,NULL,NULL,NULL,"0.00",NULL,"501","19",NULL,"sent",NULL,"2026-04-29 23:46:51","0.00"
"130","Luxfil PPF Generation 3 TPU-SS 7,5ml","30.00",NULL,NULL,NULL,NULL,NULL,NULL,"0.00",NULL,"505","19",NULL,"sent",NULL,"2026-04-29 23:46:52","0.00"
"131","LUXFIL PPF  Tint 05 limited edition","15.00","13125.00","17500.00","35000.00","30625.00",NULL,"26250.00","3062.50",NULL,"509","19",NULL,"sent",NULL,"2026-04-29 23:46:52","0.00"
"132","LUXFIL PPF  Tint 15 limited edition  ","30.00",NULL,NULL,NULL,NULL,NULL,NULL,"0.00",NULL,"513","19",NULL,"sent",NULL,"2026-04-29 23:46:52","0.00"
"133","LUXFIL TPU windsheld Ultra HD","30.00",NULL,NULL,NULL,NULL,NULL,NULL,"0.00",NULL,"517","19",NULL,"sent",NULL,"2026-04-29 23:46:53","0.00"
"134","LUXFIL TPU windsheld HD","30.00",NULL,NULL,NULL,NULL,NULL,NULL,"0.00",NULL,"521","19",NULL,"sent",NULL,"2026-04-29 23:46:53","0.00"
"135","LLumar PPF GLOSS","30.00",NULL,NULL,NULL,NULL,NULL,NULL,"0.00",NULL,"525","19",NULL,"sent",NULL,"2026-04-29 23:46:54","0.00"
"136","LLumar PPF GLOSS Edge (торцы дверей)","30.00",NULL,NULL,NULL,NULL,NULL,NULL,"0.00",NULL,"529","19",NULL,"sent",NULL,"2026-04-29 23:46:54","0.00"
"137","LLumar Valor","15.00","0.00","147000.00","105000.00",NULL,NULL,NULL,"9800.00",NULL,"533","19",NULL,"sent",NULL,"2026-04-29 23:46:55","0.00"
"138","LLumar Platinum 1,52","30.00",NULL,NULL,NULL,NULL,NULL,NULL,"0.00",NULL,"537","19",NULL,"sent",NULL,"2026-04-29 23:46:55","0.00"
"139","LLumar Platinum 1,83","30.00",NULL,NULL,NULL,NULL,NULL,NULL,"0.00",NULL,"541","19",NULL,"sent",NULL,"2026-04-29 23:46:56","0.00"
"140","LLumar Platinum Matt 1,83","30.00",NULL,NULL,NULL,NULL,NULL,NULL,"0.00",NULL,"545","19",NULL,"sent",NULL,"2026-04-29 23:46:56","0.00"
"141","LLumar Platinum Matt 1,52","30.00",NULL,NULL,NULL,NULL,NULL,NULL,"0.00",NULL,"549","19",NULL,"sent",NULL,"2026-04-29 23:46:57","0.00"
"142","LLumar Matt","30.00","80000.00","90000.00",NULL,NULL,NULL,NULL,"3000.00",NULL,"553","19",NULL,"sent",NULL,"2026-04-29 23:46:57","0.00"
"143","LLumar PPF 11.5MIL CLEAR CAP","30.00",NULL,NULL,NULL,NULL,NULL,NULL,"0.00",NULL,"557","19",NULL,"sent",NULL,"2026-04-29 23:46:58","0.00"
"144","Hexis BodyFence Х 1,52 ","30.00",NULL,NULL,NULL,NULL,NULL,NULL,"0.00",NULL,"561","19",NULL,"sent",NULL,"2026-04-29 23:46:58","0.00"
"145","Hexis BodyFence Х Fast 1,52","30.00",NULL,NULL,NULL,NULL,NULL,NULL,"0.00",NULL,"565","19",NULL,"sent",NULL,"2026-04-29 23:46:59","0.00"
"146","Hexis BodyFence M, X Matt, X Satin","30.00",NULL,NULL,NULL,NULL,NULL,NULL,"0.00",NULL,"569","19",NULL,"sent",NULL,"2026-04-29 23:46:59","0.00"
"147","Hexis BodyFence Wide 1,83","30.00",NULL,NULL,NULL,NULL,NULL,NULL,"0.00",NULL,"573","19",NULL,"sent",NULL,"2026-04-29 23:47:00","0.00"
"148","Hexis BodyFence Black 1,52","30.00",NULL,NULL,NULL,NULL,NULL,NULL,"0.00",NULL,"577","19",NULL,"sent",NULL,"2026-04-29 23:47:00","0.00"
"149","Hexis HX 20000 (цветные глянец / мат / сатин) ","30.00",NULL,NULL,NULL,NULL,NULL,NULL,"0.00",NULL,"581","19",NULL,"sent",NULL,"2026-04-29 23:47:01","0.00"
"150","Hexis HX 30000 (цветные глянец / мат / сатин)","30.00",NULL,NULL,NULL,NULL,NULL,NULL,"0.00",NULL,"585","19",NULL,"sent",NULL,"2026-04-29 23:47:01","0.00"
"151","Hexis HX 30000 (карбоны, кожа, браш)","30.00",NULL,NULL,NULL,NULL,NULL,NULL,"0.00",NULL,"589","19",NULL,"sent",NULL,"2026-04-29 23:47:02","0.00"
"152","Hexis HX 30000 (хромы глянец / сатин) ","30.00",NULL,NULL,NULL,NULL,NULL,NULL,"0.00",NULL,"593","19",NULL,"sent",NULL,"2026-04-29 23:47:02","0.00"
"153","Hexis HX 20890B (черный глянец)","30.00",NULL,NULL,NULL,NULL,NULL,NULL,"0.00",NULL,"597","19",NULL,"sent",NULL,"2026-04-29 23:47:02","0.00"
"154","Hexis HX 20890B (черный сатин)","30.00",NULL,NULL,NULL,NULL,NULL,NULL,"0.00",NULL,"601","19",NULL,"sent",NULL,"2026-04-29 23:47:03","0.00"
"155","Hexis HX20890B (черный матт)","30.00",NULL,NULL,NULL,NULL,NULL,NULL,"0.00",NULL,"605","19",NULL,"sent",NULL,"2026-04-29 23:47:03","0.00"
"156","Hexis HXR150BGR черная структурная","30.00",NULL,NULL,NULL,NULL,NULL,NULL,"0.00",NULL,"609","19",NULL,"sent",NULL,"2026-04-29 23:47:04","0.00"
"157","BodyFence Х 1,52 ","30.00",NULL,NULL,NULL,NULL,NULL,NULL,"0.00",NULL,"613","19",NULL,"sent",NULL,"2026-04-29 23:47:04","0.00"
"158","BodyFence Х Fast 1,52","30.00",NULL,NULL,NULL,NULL,NULL,NULL,"0.00",NULL,"617","19",NULL,"sent",NULL,"2026-04-29 23:47:05","0.00"
"159","BodyFence M, X Matt, X Satin","20.00","0.00","85487.50","85050.00",NULL,NULL,NULL,"4274.38",NULL,"621","19",NULL,"sent",NULL,"2026-04-29 23:47:05","0.00"
"160","BodyFence Wide 1,83","15.00","0.00","136062.50","135625.00",NULL,NULL,NULL,"9070.83",NULL,"625","19",NULL,"sent",NULL,"2026-04-29 23:47:06","0.00"
"161","BodyFence Black 1,52","20.00","0.00","115937.50","115500.00",NULL,NULL,NULL,"5796.88",NULL,"629","19",NULL,"sent",NULL,"2026-04-29 23:47:06","0.00"
"162","OLFA Лезвия SAB - 10B","30.00",NULL,NULL,NULL,NULL,NULL,NULL,"0.00",NULL,"633","19",NULL,"sent",NULL,"2026-04-29 23:47:07","0.00"
"163","OLFA Лезвия ABB - 50B","30.00",NULL,NULL,NULL,NULL,NULL,NULL,"0.00",NULL,"637","19",NULL,"sent",NULL,"2026-04-29 23:47:07","0.00"
"164","OLFA Ножи OL-SAC-1 ","30.00",NULL,NULL,NULL,NULL,NULL,NULL,"0.00",NULL,"641","19",NULL,"sent",NULL,"2026-04-29 23:47:08","0.00"
"165","OLFA Ножи OL-S","30.00",NULL,NULL,NULL,NULL,NULL,NULL,"0.00",NULL,"645","19",NULL,"sent",NULL,"2026-04-29 23:47:08","0.00"
"166","Праймер Pro Bond","30.00",NULL,NULL,NULL,NULL,NULL,NULL,"0.00",NULL,"649","19",NULL,"sent",NULL,"2026-04-29 23:47:09","0.00"
"167","LLumar SA 05 CH SR PS 4","30.00",NULL,NULL,NULL,NULL,NULL,NULL,"0.00",NULL,"653","19",NULL,"sent",NULL,"2026-04-29 23:47:09","0.00"
"168","LLumar SA 15 CH SR PS 4","30.00",NULL,NULL,NULL,NULL,NULL,NULL,"0.00",NULL,"657","19",NULL,"sent",NULL,"2026-04-29 23:47:10","0.00"
"169","LLumar SA 35 CH SR PS 4","30.00",NULL,NULL,NULL,NULL,NULL,NULL,"0.00",NULL,"661","19",NULL,"sent",NULL,"2026-04-29 23:47:10","0.00"
"170","LLumar SA 50 CH SR PS 4","30.00",NULL,NULL,NULL,NULL,NULL,NULL,"0.00",NULL,"665","19",NULL,"sent",NULL,"2026-04-29 23:47:10","0.00"
"171","LLumar LA 20 S SR HPR","50.00",NULL,NULL,NULL,"25375.00",NULL,"26250.00","25375.00",NULL,"669","19",NULL,"sent",NULL,"2026-04-29 23:47:11","0.00"
"172","LLumar ATT 05 S SR HPR 2","50.00","0.00","0.00","437.50","0.00",NULL,"17500.00","0.00",NULL,"673","19",NULL,"sent",NULL,"2026-04-29 23:47:12","0.00"
"173","LLumar S CL SR PS 8 (1,52)","30.00",NULL,NULL,NULL,NULL,NULL,NULL,"0.00",NULL,"677","19",NULL,"sent",NULL,"2026-04-29 23:47:12","0.00"
"174","LLumar S CL SR PS 8 (1,83)","30.00",NULL,NULL,NULL,NULL,NULL,NULL,"0.00",NULL,"681","19",NULL,"sent",NULL,"2026-04-29 23:47:13","0.00"
"175","LLumar S CL SR PS 4 (1,83)","30.00",NULL,NULL,NULL,NULL,NULL,NULL,"0.00",NULL,"685","19",NULL,"sent",NULL,"2026-04-29 23:47:13","0.00"
"176","LLumar S CL SR PS 4 (1,524)","30.00",NULL,NULL,NULL,NULL,NULL,NULL,"0.00",NULL,"689","19",NULL,"sent",NULL,"2026-04-29 23:47:13","0.00"
"177","LLumar AU 85 UV SR HPR","50.00","35000.00","35000.00","35000.00","35000.00",NULL,NULL,"1166.67",NULL,"693","19",NULL,"sent",NULL,"2026-04-29 23:47:14","0.00"
"178","LLumar N 1020 SR PS 4","30.00",NULL,NULL,NULL,NULL,NULL,NULL,"0.00",NULL,"697","19",NULL,"sent",NULL,"2026-04-29 23:47:14","0.00"
"179","LLumar N1020 SR CDF","50.00","40512.50",NULL,"13125.00","13125.00",NULL,NULL,"0.00",NULL,"701","19",NULL,"sent",NULL,"2026-04-29 23:47:15","0.00"
"180","LLumar S SI 20 SR PS 4","30.00",NULL,NULL,NULL,NULL,NULL,NULL,"0.00",NULL,"705","19",NULL,"sent",NULL,"2026-04-29 23:47:15","0.00"
"181","LLumar NRM SFD SR HPR горошек","30.00",NULL,NULL,NULL,NULL,NULL,NULL,"0.00",NULL,"709","19",NULL,"sent",NULL,"2026-04-29 23:47:16","0.00"
"182","LLumar FROSTED SPARKLE","50.00",NULL,NULL,"17500.00","17500.00",NULL,NULL,"0.00",NULL,"713","19",NULL,"sent",NULL,"2026-04-29 23:47:16","0.00"
"183","LLumar RM PS 2 Зерк","30.00",NULL,NULL,NULL,NULL,NULL,NULL,"0.00",NULL,"717","19",NULL,"sent",NULL,"2026-04-29 23:47:17","0.00"
"184","LLumar NR M B PS 2 бронз","30.00",NULL,NULL,NULL,NULL,NULL,NULL,"0.00",NULL,"721","19",NULL,"sent",NULL,"2026-04-29 23:47:17","0.00"
"185","LLumar NR M PS 2 Белая","30.00",NULL,NULL,NULL,NULL,NULL,NULL,"0.00",NULL,"725","19",NULL,"sent",NULL,"2026-04-29 23:47:18","0.00"
"186","LLumar LE 35 SR CDF","50.00","42875.00",NULL,NULL,"52500.00",NULL,NULL,"0.00",NULL,"729","19",NULL,"sent",NULL,"2026-04-29 23:47:18","0.00"
"187","LLumar LE 50","50.00","42875.00",NULL,NULL,"52500.00",NULL,NULL,"0.00",NULL,"733","19",NULL,"sent",NULL,"2026-04-29 23:47:19","0.00"
"188","LLumar R 35 SR HPR","50.00",NULL,NULL,"13125.00","13125.00",NULL,NULL,"0.00",NULL,"737","19",NULL,"sent",NULL,"2026-04-29 23:47:19","0.00"
"189","LLumar R 20 SR CDF 1,52","30.00",NULL,NULL,NULL,NULL,NULL,NULL,"0.00",NULL,"741","19",NULL,"sent",NULL,"2026-04-29 23:47:20","0.00"
"190","LLumar R 20 SR CDF 1,83","30.00",NULL,NULL,NULL,NULL,NULL,NULL,"0.00",NULL,"745","19",NULL,"sent",NULL,"2026-04-29 23:47:20","0.00"
"191","LUXFIL SAFETY 2 light","50.00","3237.50","525.00","3850.00",NULL,NULL,NULL,"7437.50",NULL,"749","19",NULL,"sent",NULL,"2026-04-29 23:47:21","0.00"
"192","LUXFIL SAFETY 4  light","30.00",NULL,NULL,NULL,NULL,NULL,NULL,"0.00",NULL,"753","19",NULL,"sent",NULL,"2026-04-29 23:47:21","0.00"
"193","LUXFIL SAFETY 8  light","30.00",NULL,NULL,NULL,NULL,NULL,NULL,"0.00",NULL,"757","19",NULL,"sent",NULL,"2026-04-29 23:47:22","0.00"
"194","LUXFIL SAFETY 12  light","30.00",NULL,NULL,NULL,NULL,NULL,NULL,"0.00",NULL,"761","19",NULL,"sent",NULL,"2026-04-29 23:47:22","0.00"
"195","LUXFIL SAFETY 4 (1,83)  light","30.00",NULL,NULL,NULL,NULL,NULL,NULL,"0.00",NULL,"765","19",NULL,"sent",NULL,"2026-04-29 23:47:23","0.00"
"196","LUXFIL SAFETY 8 (1,83)  light","30.00",NULL,NULL,NULL,NULL,NULL,NULL,"0.00",NULL,"769","19",NULL,"sent",NULL,"2026-04-29 23:47:23","0.00"
"197","LUXFIL SAFETY 12 (1,83)  light","30.00",NULL,NULL,NULL,NULL,NULL,NULL,"0.00",NULL,"773","19",NULL,"sent",NULL,"2026-04-29 23:47:23","0.00"
"198","Luxfil Silver Safety 4 mil 15%","30.00",NULL,NULL,NULL,NULL,NULL,NULL,"0.00",NULL,"777","19",NULL,"sent",NULL,"2026-04-29 23:47:24","0.00"
"199","Luxfil Safety 2 mil(1,524 х30м)","30.00",NULL,NULL,NULL,NULL,NULL,NULL,"0.00",NULL,"781","19",NULL,"sent",NULL,"2026-04-29 23:47:24","0.00"
"200","Luxfil Safety 2 mil(1,83 х30м)","30.00",NULL,NULL,NULL,NULL,NULL,NULL,"0.00",NULL,"785","19",NULL,"sent",NULL,"2026-04-29 23:47:25","0.00"
"201","Luxfil Safety 4 mil(1,524х30м)","30.00",NULL,NULL,NULL,NULL,NULL,NULL,"0.00",NULL,"789","19",NULL,"sent",NULL,"2026-04-29 23:47:25","0.00"
"202","Luxfil Safety 4 mil (1,83х30м)","30.00",NULL,NULL,NULL,NULL,NULL,NULL,"0.00",NULL,"793","19",NULL,"sent",NULL,"2026-04-29 23:47:26","0.00"
"203","Luxfil Safety 7 mil(1,524 х30м)","30.00",NULL,NULL,NULL,NULL,NULL,NULL,"0.00",NULL,"797","19",NULL,"sent",NULL,"2026-04-29 23:47:26","0.00"
"204","Luxfil Safety 7 mil (1,83х30м)","30.00",NULL,NULL,NULL,NULL,NULL,NULL,"0.00",NULL,"801","19",NULL,"sent",NULL,"2026-04-29 23:47:27","0.00"
"205","Luxfil Safety 12 mil (1,83)","30.00",NULL,NULL,NULL,NULL,NULL,NULL,"0.00",NULL,"805","19",NULL,"sent",NULL,"2026-04-29 23:47:27","0.00"
"206","Luxfil Safety 12 mil (1,524)","30.00",NULL,NULL,NULL,NULL,NULL,NULL,"0.00",NULL,"809","19",NULL,"sent",NULL,"2026-04-29 23:47:28","0.00"
"207","Luxfil Safety 11 mil (1,524)","30.00",NULL,NULL,NULL,NULL,NULL,NULL,"0.00",NULL,"813","19",NULL,"sent",NULL,"2026-04-29 23:47:28","0.00"
"208","Luxfil Safety 11 mil (1,83)","30.00",NULL,NULL,NULL,NULL,NULL,NULL,"0.00",NULL,"817","19",NULL,"sent",NULL,"2026-04-29 23:47:29","0.00"
"209","Luxfil Safety Ceramic Super IR 7080 Green","30.00",NULL,NULL,NULL,NULL,NULL,NULL,"0.00",NULL,"821","19",NULL,"sent",NULL,"2026-04-29 23:47:29","0.00"
"210","Luxfil Safety Ceramic Super IR 7080 BLUE","30.00",NULL,NULL,NULL,NULL,NULL,NULL,"0.00",NULL,"825","19",NULL,"sent",NULL,"2026-04-29 23:47:30","0.00"
"211","Luxfil R GREY 10","30.00",NULL,NULL,NULL,NULL,NULL,NULL,"0.00",NULL,"829","19",NULL,"sent",NULL,"2026-04-29 23:47:30","0.00"
"212","Luxfil R ORANGE 10","30.00",NULL,NULL,NULL,NULL,NULL,NULL,"0.00",NULL,"833","19",NULL,"sent",NULL,"2026-04-29 23:47:31","0.00"
"213","Luxfil R RED 10","30.00",NULL,NULL,NULL,NULL,NULL,NULL,"0.00",NULL,"837","19",NULL,"sent",NULL,"2026-04-29 23:47:31","0.00"
"214","Luxfil R PINK 10","30.00",NULL,NULL,NULL,NULL,NULL,NULL,"0.00",NULL,"841","19",NULL,"sent",NULL,"2026-04-29 23:47:32","0.00"
"215","Luxfil R GREEN 10","30.00",NULL,NULL,NULL,NULL,NULL,NULL,"0.00",NULL,"845","19",NULL,"sent",NULL,"2026-04-29 23:47:32","0.00"
"216","Luxfil R BLUE 10","30.00",NULL,NULL,NULL,NULL,NULL,NULL,"0.00",NULL,"849","19",NULL,"sent",NULL,"2026-04-29 23:47:33","0.00"
"217","Luxfil R GOLD 10","30.00",NULL,NULL,NULL,NULL,NULL,NULL,"0.00",NULL,"853","19",NULL,"sent",NULL,"2026-04-29 23:47:33","0.00"
"218","Luxfil HP BRONZE 30","30.00",NULL,NULL,NULL,NULL,NULL,NULL,"0.00",NULL,"857","19",NULL,"sent",NULL,"2026-04-29 23:47:33","0.00"
"219","Luxfil HP BLUE 30","30.00",NULL,NULL,NULL,NULL,NULL,NULL,"0.00",NULL,"861","19",NULL,"sent",NULL,"2026-04-29 23:47:34","0.00"
"220","Luxfil HP GREEN 30","30.00",NULL,NULL,NULL,NULL,NULL,NULL,"0.00",NULL,"865","19",NULL,"sent",NULL,"2026-04-29 23:47:34","0.00"
"221","Luxfil Ceramic 90","30.00",NULL,NULL,NULL,NULL,NULL,NULL,"0.00",NULL,"869","19",NULL,"sent",NULL,"2026-04-29 23:47:35","0.00"
"222","Luxfil Illision(1,524 х30м) ext наружная","30.00",NULL,NULL,NULL,NULL,NULL,NULL,"0.00",NULL,"873","19",NULL,"sent",NULL,"2026-04-29 23:47:35","0.00"
"223","Luxfil Illision(1,524 х30м) int внутрен","30.00",NULL,NULL,NULL,NULL,NULL,NULL,"0.00",NULL,"877","19",NULL,"sent",NULL,"2026-04-29 23:47:36","0.00"
"224","Luxfil R Silver 05(1,524х 30м)","30.00",NULL,NULL,NULL,NULL,NULL,NULL,"0.00",NULL,"881","19",NULL,"sent",NULL,"2026-04-29 23:47:36","0.00"
"225","Luxfil R Silver 05(1,524х 60м)","30.00",NULL,NULL,NULL,NULL,NULL,NULL,"0.00",NULL,"885","19",NULL,"sent",NULL,"2026-04-29 23:47:37","0.00"
"226","Luxfil R Silver 05(1,83х 30м)","30.00",NULL,NULL,NULL,NULL,NULL,NULL,"0.00",NULL,"893","19",NULL,"sent",NULL,"2026-04-29 23:47:37","0.00"
"227","Luxfil R Silver 05(1,83х 60м)","30.00",NULL,NULL,NULL,NULL,NULL,NULL,"0.00",NULL,"897","19",NULL,"sent",NULL,"2026-04-29 23:47:38","0.00"
"228","Luxfil Silver 05 EXT 2 mil (1,525 х30м)","30.00",NULL,NULL,NULL,NULL,NULL,NULL,"0.00",NULL,"901","19",NULL,"sent",NULL,"2026-04-29 23:47:38","0.00"
"229","Luxfil Silver 05 EXT 2 mil (1,83 х30м)","30.00",NULL,NULL,NULL,NULL,NULL,NULL,"0.00",NULL,"905","19",NULL,"sent",NULL,"2026-04-29 23:47:39","0.00"
"230","Luxfil Silver 05 EXT 2 mil (1,83 х60м)","30.00",NULL,NULL,NULL,NULL,NULL,NULL,"0.00",NULL,"909","19",NULL,"sent",NULL,"2026-04-29 23:47:39","0.00"
"231","Luxfil Silver 05 EXT 4 mil (1,52 х30м)","30.00",NULL,NULL,NULL,NULL,NULL,NULL,"0.00",NULL,"913","19",NULL,"sent",NULL,"2026-04-29 23:47:40","0.00"
"232","Luxfil Silver 15 EXT 3 mil (1,525 х30м)","30.00",NULL,NULL,NULL,NULL,NULL,NULL,"0.00",NULL,"917","19",NULL,"sent",NULL,"2026-04-29 23:47:40","0.00"
"233","Luxfil Silver 15 EXT 2 mil (1,525 х30м)","30.00",NULL,NULL,NULL,NULL,NULL,NULL,"0.00",NULL,"921","19",NULL,"sent",NULL,"2026-04-29 23:47:41","0.00"
"234","Luxfil Silver 15 EXT 2 mil (1,83 х30м)","30.00",NULL,NULL,NULL,NULL,NULL,NULL,"0.00",NULL,"925","19",NULL,"sent",NULL,"2026-04-29 23:47:41","0.00"
"235","Luxfil Silver 15 EXT 2 mil (1,83 х60м)","30.00",NULL,NULL,NULL,NULL,NULL,NULL,"0.00",NULL,"929","19",NULL,"sent",NULL,"2026-04-29 23:47:42","0.00"
"236","Luxfil Silver 15 EXT 4 mil(1,525 х30м)","30.00",NULL,NULL,NULL,NULL,NULL,NULL,"0.00",NULL,"933","19",NULL,"sent",NULL,"2026-04-29 23:47:42","0.00"
"237","Luxfil R silver 15(1,524х30м)","30.00",NULL,NULL,NULL,NULL,NULL,NULL,"0.00",NULL,"937","19",NULL,"sent",NULL,"2026-04-29 23:47:42","0.00"
"238","Luxfil R  silver 15(1,525х 60м)","30.00",NULL,NULL,NULL,NULL,NULL,NULL,"0.00",NULL,"941","19",NULL,"sent",NULL,"2026-04-29 23:47:43","0.00"
"239","Luxfil R silver 15(1,83х30м) ","30.00",NULL,NULL,NULL,NULL,NULL,NULL,"0.00",NULL,"945","19",NULL,"sent",NULL,"2026-04-29 23:47:43","0.00"
"240","Luxfil R silver 15(1,83х30м) ","30.00",NULL,NULL,NULL,NULL,NULL,NULL,"0.00",NULL,"949","19",NULL,"sent",NULL,"2026-04-29 23:47:44","0.00"
"241","Luxfil R silver 15(1,83х 60м)","30.00",NULL,NULL,NULL,NULL,NULL,NULL,"0.00",NULL,"953","19",NULL,"sent",NULL,"2026-04-29 23:47:44","0.00"
"242","Luxfil R silver 35 (1,525 х30м) ","30.00",NULL,NULL,NULL,NULL,NULL,NULL,"0.00",NULL,"957","19",NULL,"sent",NULL,"2026-04-29 23:47:45","0.00"
"243","Luxfil R silver 35 (1,83 х30м) ","30.00",NULL,NULL,NULL,NULL,NULL,NULL,"0.00",NULL,"961","19",NULL,"sent",NULL,"2026-04-29 23:47:45","0.00"
"244","Luxfil R silver 50 (1,525 х30м)","30.00",NULL,NULL,NULL,NULL,NULL,NULL,"0.00",NULL,"965","19",NULL,"sent",NULL,"2026-04-29 23:47:46","0.00"
"245","Luxfil silver bronze 20 (1,524 х30м)","30.00",NULL,NULL,NULL,NULL,NULL,NULL,"0.00",NULL,"969","19",NULL,"sent",NULL,"2026-04-29 23:47:46","0.00"
"246","Luxfil silver bronze 20 (1,524 х60м)","30.00",NULL,NULL,NULL,NULL,NULL,NULL,"0.00",NULL,"973","19",NULL,"sent",NULL,"2026-04-29 23:47:47","0.00"
"247","Luxfil silver bronze 10 (1,524 х30м) ","30.00",NULL,NULL,NULL,NULL,NULL,NULL,"0.00",NULL,"977","19",NULL,"sent",NULL,"2026-04-29 23:47:47","0.00"
"248","Luxfil Silver Blue P","30.00",NULL,NULL,NULL,NULL,NULL,NULL,"0.00",NULL,"981","19",NULL,"sent",NULL,"2026-04-29 23:47:48","0.00"
"249","Luxfil Silver Blue 20 (1,524 х60м)","30.00",NULL,NULL,NULL,NULL,NULL,NULL,"0.00",NULL,"985","19",NULL,"sent",NULL,"2026-04-29 23:47:48","0.00"
"250","Luxfil Silver Blue 20 (1,524 х30м)","30.00",NULL,NULL,NULL,NULL,NULL,NULL,"0.00",NULL,"989","19",NULL,"sent",NULL,"2026-04-29 23:47:49","0.00"
"251","Luxfil Silver Out (1,52 x 30 m)","30.00",NULL,NULL,NULL,NULL,NULL,NULL,"0.00",NULL,"993","19",NULL,"sent",NULL,"2026-04-29 23:47:49","0.00"
"252","Luxfil Black Out(1,524  х30м)","30.00",NULL,NULL,NULL,NULL,NULL,NULL,"0.00",NULL,"997","19",NULL,"sent",NULL,"2026-04-29 23:47:50","0.00"
"253","Luxfil White Out(1,524  х30м)","30.00",NULL,NULL,NULL,NULL,NULL,NULL,"0.00",NULL,"1001","19",NULL,"sent",NULL,"2026-04-29 23:47:50","0.00"
"254","Luxfil Deco 18 (горош)","30.00",NULL,NULL,NULL,NULL,NULL,NULL,"0.00",NULL,"1005","19",NULL,"sent",NULL,"2026-04-29 23:47:51","0.00"
"255","Luxfil Deco 1 (1,524  х60м)","30.00",NULL,NULL,NULL,NULL,NULL,NULL,"0.00",NULL,"1009","19",NULL,"sent",NULL,"2026-04-29 23:47:51","0.00"
"256","Luxfil Deco 17 (1,524  х60м)","30.00",NULL,NULL,NULL,NULL,NULL,NULL,"0.00",NULL,"1013","19",NULL,"sent",NULL,"2026-04-29 23:47:52","0.00"
"257","Luxfil Deco INT UV 003(1,525 х60м)","30.00",NULL,NULL,NULL,NULL,NULL,NULL,"0.00",NULL,"1017","19",NULL,"sent",NULL,"2026-04-29 23:47:52","0.00"
"258","Luxfil Deco 22(1,524  х30м)","30.00",NULL,NULL,NULL,NULL,NULL,NULL,"0.00",NULL,"1021","19",NULL,"sent",NULL,"2026-04-29 23:47:53","0.00"
"259","LUXFIL DECO 12 (60м) Китай","30.00",NULL,NULL,NULL,NULL,NULL,NULL,"0.00",NULL,"1025","19",NULL,"sent",NULL,"2026-04-29 23:47:53","0.00"
"260","Luxfil White Matte мат белая(1,524х30м п)","30.00",NULL,NULL,NULL,NULL,NULL,NULL,"0.00",NULL,"1029","19",NULL,"sent",NULL,"2026-04-29 23:47:54","0.00"
"261","Luxfil White Matte мат белая(1,524х60м п)","30.00",NULL,NULL,NULL,NULL,NULL,NULL,"0.00",NULL,"1033","19",NULL,"sent",NULL,"2026-04-29 23:47:54","0.00"
"262","Luxfil White Matte мат белая(1,83х30м)","30.00",NULL,NULL,NULL,NULL,NULL,NULL,"0.00",NULL,"1037","19",NULL,"sent",NULL,"2026-04-29 23:47:55","0.00"
"263","Luxfil White Matte мат белая(1,83х60м)","30.00",NULL,NULL,NULL,NULL,NULL,NULL,"0.00",NULL,"1041","19",NULL,"sent",NULL,"2026-04-29 23:47:55","0.00"
"264","Luxfil Red Matte(1,524х30м п)","30.00",NULL,NULL,NULL,NULL,NULL,NULL,"0.00",NULL,"1045","19",NULL,"sent",NULL,"2026-04-29 23:47:55","0.00"
"265","Luxfil Red Matte(1,524х60м п)","30.00",NULL,NULL,NULL,NULL,NULL,NULL,"0.00",NULL,"1049","19",NULL,"sent",NULL,"2026-04-29 23:47:56","0.00"
"266","Luxfil Bronze Matte(1,524х30м п)","30.00",NULL,NULL,NULL,NULL,NULL,NULL,"0.00",NULL,"1053","19",NULL,"sent",NULL,"2026-04-29 23:47:57","0.00"
"267","Luxfil Blue matte(1,524х60м п)","30.00",NULL,NULL,NULL,NULL,NULL,NULL,"0.00",NULL,"1057","19",NULL,"sent",NULL,"2026-04-29 23:47:57","0.00"
"268","Luxfil Blue matte(1,524х30м п)","30.00",NULL,NULL,NULL,NULL,NULL,NULL,"0.00",NULL,"1061","19",NULL,"sent",NULL,"2026-04-29 23:47:57","0.00"
"269","Luxfil Green matte(1,524х60м п)","30.00",NULL,NULL,NULL,NULL,NULL,NULL,"0.00",NULL,"1065","19",NULL,"sent",NULL,"2026-04-29 23:47:58","0.00"
"270","Luxfil Green matte(1,524х30м п)","30.00",NULL,NULL,NULL,NULL,NULL,NULL,"0.00",NULL,"1069","19",NULL,"sent",NULL,"2026-04-29 23:47:58","0.00"
"271","Luxfil GREY MATTE(1,524х60 м п)","30.00",NULL,NULL,NULL,NULL,NULL,NULL,"0.00",NULL,"1073","19",NULL,"sent",NULL,"2026-04-29 23:47:59","0.00"
"272","Luxfil GREY MATTE(1,524х30 м п)","30.00",NULL,NULL,NULL,NULL,NULL,NULL,"0.00",NULL,"1077","19",NULL,"sent",NULL,"2026-04-29 23:47:59","0.00"
"273","Luxfil Silver matte (1,524х30м  п)","30.00",NULL,NULL,NULL,NULL,NULL,NULL,"0.00",NULL,"1081","19",NULL,"sent",NULL,"2026-04-29 23:48:00","0.00"
"274","Luxfil Silver bronze matte (1,524х30м  п)","30.00",NULL,NULL,NULL,NULL,NULL,NULL,"0.00",NULL,"1085","19",NULL,"sent",NULL,"2026-04-29 23:48:00","0.00"
"275","ASWF 4mil Silver 20 (1,83)","30.00",NULL,NULL,NULL,NULL,NULL,NULL,"0.00",NULL,"1089","19",NULL,"sent",NULL,"2026-04-29 23:48:01","0.00"
"276","ASWF 8mil Silver 20 (1,83)","30.00",NULL,NULL,NULL,NULL,NULL,NULL,"0.00",NULL,"1093","19",NULL,"sent",NULL,"2026-04-29 23:48:01","0.00"
"277","ASWF Natur 20 (1,83 )","30.00",NULL,NULL,NULL,NULL,NULL,NULL,"0.00",NULL,"1097","19",NULL,"sent",NULL,"2026-04-29 23:48:02","0.00"
"278","ASWF Sky 10 (1,524)","30.00",NULL,NULL,NULL,NULL,NULL,NULL,"0.00",NULL,"1101","19",NULL,"sent",NULL,"2026-04-29 23:48:02","0.00"
"279","ASWF Sky 10 (1,83)","30.00",NULL,NULL,NULL,NULL,NULL,NULL,"0.00",NULL,"1105","19",NULL,"sent",NULL,"2026-04-29 23:48:03","0.00"
"280","ASWF Sky 20 (1,524)","30.00",NULL,NULL,NULL,NULL,NULL,NULL,"0.00",NULL,"1109","19",NULL,"sent",NULL,"2026-04-29 23:48:03","0.00"
"281","ASWF Sky 20 (1,83)","30.00",NULL,NULL,NULL,NULL,NULL,NULL,"0.00",NULL,"1113","19",NULL,"sent",NULL,"2026-04-29 23:48:04","0.00"
"282","ASWF Illision(1,83)","30.00",NULL,NULL,NULL,NULL,NULL,NULL,"0.00",NULL,"1117","19",NULL,"sent",NULL,"2026-04-29 23:48:04","0.00"
"283","ASWF Bronze Matte","50.00","0.00","0.00","15750.00","15750.00",NULL,NULL,"0.00",NULL,"1121","19",NULL,"sent",NULL,"2026-04-29 23:48:05","0.00"
"284","ASWF Grey Matte","50.00","0.00","0.00","15312.50","15750.00",NULL,NULL,"0.00",NULL,"1125","19",NULL,"sent",NULL,"2026-04-29 23:48:05","0.00"
"285","ASWF Silver Matte","50.00","0.00","0.00","15750.00","15750.00",NULL,NULL,"0.00",NULL,"1129","19",NULL,"sent",NULL,"2026-04-29 23:48:06","0.00"
"286","ASWF DLR 45","30.00","80000.00",NULL,NULL,NULL,NULL,NULL,"2666.67",NULL,"1133","19",NULL,"sent",NULL,"2026-04-29 23:48:06","0.00"
"287","ASWF DLR 75","30.00","85000.00","90000.00",NULL,NULL,NULL,NULL,"3000.00",NULL,"1137","19",NULL,"sent",NULL,"2026-04-29 23:48:07","0.00"
"288","Тест","30.00","8800.00",NULL,NULL,NULL,NULL,NULL,"0.00",NULL,NULL,NULL,NULL,"pending",NULL,NULL,"0.00"
"289","Товар #289","30.00",NULL,NULL,NULL,NULL,NULL,NULL,"0.00",NULL,NULL,NULL,NULL,"pending",NULL,NULL,"0.00"
"290","тест 2","30.00","0.00","0.00","0.00","0.00","0.00","0.00","8000.00",NULL,"1143",NULL,NULL,"sent",NULL,"2026-04-29 23:48:07","0.00"
"126","2","30.00","0.00","0.00","0.00","written_off","0",NULL,NULL,"0.0000"
"127","2","30.00","0.00","0.00","0.00","waste","0",NULL,NULL,"0.0000"
"128","2","30.00","0.00","0.00","0.00","waste","0",NULL,NULL,"0.0000"
"129","2","30.00","0.00","0.00","0.00","waste","0",NULL,NULL,"0.0000"
"130","2","30.00","0.00","0.00","0.00","waste","0",NULL,NULL,"0.0000"
"131","2","30.00","0.00","0.00","0.00","waste","0",NULL,NULL,"0.0000"
"132","2","30.00","0.00","0.00","0.00","waste","0",NULL,NULL,"0.0000"
"133","2","30.00","0.00","0.00","0.00","waste","0",NULL,NULL,"0.0000"
"134","2","30.00","0.00","0.00","0.00","waste","0",NULL,NULL,"0.0000"
"135","2","30.00","0.00","0.00","0.00","waste","0",NULL,NULL,"0.0000"
"136","2","30.00","0.00","0.00","0.00","waste","0",NULL,NULL,"0.0000"
"137","2","30.00","15.00","0.00","0.00","active","0",NULL,NULL,"0.0000"
"138","2","30.00","30.00","0.00","0.00","active","0",NULL,NULL,"0.0000"
"139","4","15.00","0.00","0.00","0.10","sold","0",NULL,NULL,"0.0000"
"140","4","15.00","0.00","0.00","0.10","sold","0",NULL,NULL,"0.0000"
"141","4","15.00","0.00","0.00","0.10","sold","0",NULL,NULL,"0.0000"
"142","4","15.00","0.00","0.00","0.10","sold","0",NULL,NULL,"0.0000"
"143","4","15.00","0.00","0.00","0.10","sold","0",NULL,NULL,"0.0000"
"144","4","15.00","0.00","0.00","0.10","sold","0",NULL,NULL,"0.0000"
"145","4","15.00","0.00","0.00","0.10","waste","0",NULL,NULL,"0.0000"
"146","4","15.00","0.00","0.00","0.10","waste","0",NULL,NULL,"0.0000"
"147","4","15.00","0.00","0.00","0.10","waste","0",NULL,NULL,"0.0000"
"148","4","15.00","0.00","0.00","0.10","waste","0",NULL,NULL,"0.0000"
"149","4","15.00","0.00","0.00","0.10","waste","0",NULL,NULL,"0.0000"
"150","4","15.00","0.00","0.00","0.10","waste","0",NULL,NULL,"0.0000"
"151","4","15.00","1.00","0.00","0.10","active","0",NULL,NULL,"0.0000"
"152","4","15.00","15.00","0.00","0.10","active","0",NULL,NULL,"0.0000"
"153","4","15.00","15.00","0.00","0.10","active","0",NULL,NULL,"0.0000"
"154","4","15.00","15.00","0.00","0.10","active","0",NULL,NULL,"0.0000"
"155","4","15.00","15.00","0.00","0.10","active","0",NULL,NULL,"0.0000"
"156","4","15.00","15.00","0.00","0.10","active","0",NULL,NULL,"0.0000"
"157","4","15.00","15.00","0.00","0.10","active","0",NULL,NULL,"0.0000"
"162","41","30.00","10.00","0.00","0.50","cut","0",NULL,NULL,"0.0000"
"163","43","30.00","30.00","0.00","0.50","active","0",NULL,NULL,"0.0000"
"164","286","30.00","10.00","0.00","0.50","cut","0",NULL,NULL,"0.0000"
"165","286","30.00","30.00","0.00","0.50","active","0",NULL,NULL,"0.0000"
"166","286","30.00","30.00","0.00","0.50","active","0",NULL,NULL,"0.0000"
"167","287","30.00","30.00","0.00","0.50","active","0",NULL,NULL,"0.0000"
"168","287","30.00","30.00","0.00","0.50","active","0",NULL,NULL,"0.0000"
"169","35","30.00","30.00","0.00","0.50","active","0",NULL,NULL,"0.0000"
"170","35","30.00","30.00","0.00","0.50","active","0",NULL,NULL,"0.0000"
"171","142","30.00","30.00","0.00","0.50","active","0",NULL,NULL,"0.0000"
"172","41","30.00","30.00","0.00","0.50","active","0",NULL,NULL,"0.0000"
"173","41","30.00","30.00","0.00","0.50","active","0",NULL,NULL,"0.0000"
"174","41","30.00","30.00","0.00","0.50","active","0",NULL,NULL,"0.0000"
"175","285","30.00","30.00","0.00","0.50","active","0",NULL,NULL,"0.0000"
"176","285","30.00","30.00","0.00","0.50","active","0",NULL,NULL,"0.0000"
"177","41","30.00","30.00","0.00","0.50","active","0",NULL,NULL,"0.0000"
"178","41","30.00","30.00","0.00","0.50","active","0",NULL,NULL,"0.0000"
"179","41","30.00","30.00","0.00","0.50","active","0",NULL,NULL,"0.0000"
"180","41","30.00","30.00","0.00","0.50","active","0",NULL,NULL,"0.0000"
"181","41","30.00","30.00","0.00","0.50","active","0",NULL,NULL,"0.0000"
"182","41","30.00","30.00","0.00","0.50","active","0",NULL,NULL,"0.0000"
"183","41","30.00","30.00","0.00","0.50","active","0",NULL,NULL,"0.0000"
"184","41","30.00","30.00","0.00","0.50","active","0",NULL,NULL,"0.0000"
"185","41","30.00","30.00","0.00","0.50","active","0",NULL,NULL,"0.0000"
"186","41","30.00","30.00","0.00","0.50","active","0",NULL,NULL,"0.0000"
"187","41","30.00","30.00","0.00","0.50","active","0",NULL,NULL,"0.0000"
"188","40","30.00","30.00","0.00","0.50","active","0",NULL,NULL,"0.0000"
"18","2",,"3","8000","24000","2026-03-30 16:18:03","101","https://friendcrm.beget.tech/LLumar/test","0",NULL,"0.00","0.00","0.00"
"19","2",,"2","8000","16000","2026-03-30 16:45:36","102","http://...","0","Иван","0.00","0.00","0.00"
"20","2","meter","23","8056","185288","2026-03-30 17:09:24",NULL,NULL,"0",NULL,"0.00","0.00","0.00"
"21","2","meter","34","8056","273904","2026-03-30 18:33:12",NULL,NULL,"0",NULL,"0.00","0.00","0.00"
"22","2","meter","35","8056","281960","2026-03-30 18:33:28",NULL,NULL,"0",NULL,"0.00","0.00","0.00"
"23","2","meter","31","8056","249736","2026-03-30 18:33:43",NULL,NULL,"0",NULL,"0.00","0.00","0.00"
"24","2","meter","27","8056","217512","2026-03-30 18:33:53",NULL,NULL,"0",NULL,"0.00","0.00","0.00"
"25","2","meter","33","8056","265848","2026-03-30 18:34:49",NULL,NULL,"0",NULL,"0.00","0.00","0.00"
"26","2","meter","7","8056","56392","2026-03-30 18:35:00",NULL,NULL,"0",NULL,"0.00","0.00","0.00"
"27","2","meter","13","8056","104728","2026-03-30 18:35:08",NULL,NULL,"0",NULL,"0.00","0.00","0.00"
"28","2","meter","7","8056","56392","2026-03-30 18:35:15",NULL,NULL,"0",NULL,"0.00","0.00","0.00"
"29","2","meter","37","8056","298072","2026-03-30 18:44:22",NULL,NULL,"0",NULL,"0.00","0.00","0.00"
"30","2",,"34","500","17000","2026-03-30 19:13:03","123","https://bitrix/deal/123","0","Менеджер","0.00","0.00","0.00"
"31","2",,"34","500","17000","2026-03-30 19:13:59","123","https://bitrix/deal/123","0","Менеджер","0.00","0.00","0.00"
"32","2",,"34","500","17000","2026-03-30 19:27:54","123","https://bitrix/deal/123","0","Менеджер","0.00","0.00","0.00"
"33","2",,"34","500","17000","2026-03-30 19:54:17","123","https://bitrix/deal/123","0","Менеджер","0.00","0.00","0.00"
"34","2",,"34","500","17000","2026-03-30 19:57:15","123","https://bitrix/deal/123","0","Менеджер","0.00","0.00","0.00"
"35","4","roll","6","80000","480000","2026-03-30 20:04:41",NULL,NULL,"0",NULL,"0.00","0.00","0.00"
"36","4","meter","15","8000","120000","2026-03-30 20:05:14",NULL,NULL,"0",NULL,"0.00","0.00","0.00"
"37","4","meter","15","8000","120000","2026-04-01 19:59:06",NULL,NULL,"0",NULL,"0.00","0.00","0.00"
"38","4",,"34","500","17000","2026-04-01 20:00:09","123","https://bitrix/deal/123","0","Менеджер","0.00","0.00","0.00"
"39","4","meter","15","8000","120000","2026-04-01 20:01:06",NULL,NULL,"0",NULL,"0.00","0.00","0.00"
"40","4","meter","7","8000","56000","2026-04-17 13:21:59",NULL,NULL,"0",NULL,"0.00","0.00","0.00"
"41","4","meter","18","8000","144000","2026-04-17 13:22:14",NULL,NULL,"0",NULL,"0.00","0.00","0.00"
"42","286","writeoff","10","0","0","2026-04-29 15:21:07",NULL,NULL,"0",NULL,"0.00","0.00","0.00"
"43","286","writeoff","10","0","0","2026-04-29 15:30:58",NULL,NULL,"0",NULL,"0.00","0.00","0.00"
"44","41","writeoff","20","0","0","2026-04-29 17:00:11",NULL,NULL,"0",NULL,"0.00","0.00","0.00"
"1","288","159","receipt","30.00","1","8800.00","8800.00",NULL,"Оприходование через виджет dashboard","sent","{""status"":""skip"",""message"":""No deal_id""}","2026-04-27 19:45:06"
"2","288","160","receipt","30.00","1","8800.00","8800.00",NULL,"Оприходование через виджет dashboard","sent","{""status"":""skip"",""message"":""No deal_id""}","2026-04-27 19:45:06"
"3","289","161","receipt","30.00","1","10560.00","10560.00",NULL,"Оприходование через виджет dashboard","sent","{""status"":""skip"",""message"":""No deal_id""}","2026-04-27 20:00:54"
"4","41","162","receipt","30.00","1","0.00","0.00",NULL,"Оприходование через документ #1","sent","{""status"":""skip"",""message"":""No deal_id""}","2026-04-28 14:24:03"
"5","43","163","receipt","30.00","1","0.00","0.00",NULL,"Оприходование через документ #1","sent","{""status"":""skip"",""message"":""No deal_id""}","2026-04-28 14:24:03"
"6","286","164","receipt","30.00","1","80000.00","80000.00",NULL,"Оприходование через документ #2","sent","{""status"":""skip"",""message"":""No deal_id""}","2026-04-28 17:34:09"
"7","286","165","receipt","30.00","1","80000.00","80000.00",NULL,"Оприходование через документ #3","sent","{""status"":""skip"",""message"":""No deal_id""}","2026-04-29 14:47:54"
"8","286","166","receipt","30.00","1","80000.00","80000.00",NULL,"Оприходование через документ #3","sent","{""status"":""skip"",""message"":""No deal_id""}","2026-04-29 14:47:54"
"9","287","167","receipt","30.00","1","90000.00","90000.00",NULL,"Оприходование через документ #4","sent","{""status"":""skip"",""message"":""No deal_id""}","2026-04-29 15:17:31"
"10","287","168","receipt","30.00","1","90000.00","90000.00",NULL,"Оприходование через документ #4","sent","{""status"":""skip"",""message"":""No deal_id""}","2026-04-29 15:17:31"
"11","286","164","writeoff","10.00","0","0.00","0.00",NULL,"Списание через документ #5 | потому что","sent","{""status"":""skip"",""message"":""No deal_id""}","2026-04-29 15:21:06"
"12","286","164","writeoff","10.00","0","0.00","0.00",NULL,"Списание через документ #6 | потому что","sent","{""status"":""skip"",""message"":""No deal_id""}","2026-04-29 15:30:58"
"13","35","169","receipt","30.00","1","90000.00","90000.00",NULL,"Оприходование через документ #7","sent","{""status"":""skip"",""message"":""No deal_id""}","2026-04-29 15:36:38"
"14","35","170","receipt","30.00","1","90000.00","90000.00",NULL,"Оприходование через документ #7","sent","{""status"":""skip"",""message"":""No deal_id""}","2026-04-29 15:36:39"
"15","142","171","receipt","30.00","1","90000.00","90000.00",NULL,"Оприходование через документ #8","sent","{""status"":""skip"",""message"":""No deal_id""}","2026-04-29 15:51:57"
"16","41","172","receipt","30.00","1","100000.00","100000.00",NULL,"Оприходование через документ #9","sent","{""status"":""skip"",""message"":""No deal_id""}","2026-04-29 15:56:58"
"17","41","173","receipt","30.00","1","100000.00","100000.00",NULL,"Оприходование через документ #9","sent","{""status"":""skip"",""message"":""No deal_id""}","2026-04-29 15:56:59"
"18","41","174","receipt","30.00","1","100000.00","100000.00",NULL,"Оприходование через документ #9","sent","{""status"":""skip"",""message"":""No deal_id""}","2026-04-29 15:57:00"
"19","285","175","receipt","30.00","1","90000.00","90000.00",NULL,"Оприходование через документ #10","sent","{""status"":""skip"",""message"":""No deal_id""}","2026-04-29 16:06:22"
"20","285","176","receipt","30.00","1","90000.00","90000.00",NULL,"Оприходование через документ #10","sent","{""status"":""skip"",""message"":""No deal_id""}","2026-04-29 16:06:23"
"21","41","177","receipt","30.00","1","100000.00","100000.00",NULL,"Оприходование через документ #11","sent","{""status"":""skip"",""message"":""No deal_id""}","2026-04-29 16:12:54"
"22","41","178","receipt","30.00","1","100000.00","100000.00",NULL,"Оприходование через документ #11","sent","{""status"":""skip"",""message"":""No deal_id""}","2026-04-29 16:12:55"
"23","41","179","receipt","30.00","1","100000.00","100000.00",NULL,"Оприходование через документ #11","sent","{""status"":""skip"",""message"":""No deal_id""}","2026-04-29 16:12:56"
"24","41","180","receipt","30.00","1","100000.00","100000.00",NULL,"Оприходование через документ #12","sent","{""status"":""skip"",""message"":""No deal_id""}","2026-04-29 16:32:12"
"25","41","181","receipt","30.00","1","100000.00","100000.00",NULL,"Оприходование через документ #13","sent","{""status"":""skip"",""message"":""No deal_id""}","2026-04-29 16:43:20"
"26","41","182","receipt","30.00","1","100000.00","100000.00",NULL,"Оприходование через документ #13","sent","{""status"":""skip"",""message"":""No deal_id""}","2026-04-29 16:43:20"
"27","41","183","receipt","30.00","1","100000.00","100000.00",NULL,"Оприходование через документ #14","sent","{""status"":""skip"",""message"":""No deal_id""}","2026-04-29 16:58:07"
"28","41","184","receipt","30.00","1","100000.00","100000.00",NULL,"Оприходование через документ #14","sent","{""status"":""skip"",""message"":""No deal_id""}","2026-04-29 16:58:07"
"29","41","185","receipt","30.00","1","100000.00","100000.00",NULL,"Оприходование через документ #14","sent","{""status"":""skip"",""message"":""No deal_id""}","2026-04-29 16:58:08"
"30","41","162","writeoff","20.00","0","0.00","0.00",NULL,"Списание через документ #15 | потому что","sent","{""status"":""skip"",""message"":""No deal_id""}","2026-04-29 17:00:10"
"31","41","186","receipt","30.00","1","100000.00","100000.00",NULL,"Оприходование через документ #16","sent","{""status"":""skip"",""message"":""No deal_id""}","2026-04-29 17:16:40"
"32","41","187","receipt","30.00","1","100000.00","100000.00",NULL,"Оприходование через документ #17","sent","{""status"":""skip"",""message"":""No deal_id""}","2026-04-29 17:24:43"
"33","40","188","receipt","30.00","1","11287.50","11287.50",NULL,"Оприходование через документ #18","sent","{""status"":""skip"",""message"":""No deal_id""}","2026-04-30 12:09:53"
"15","writeoff","111",,"ав","0.00","posted","2026-04-29 17:00:10","27","partial","{""ok"":false,""stage"":""document.conduct"",""b24_document_id"":27,""response"":{""error"":""0"",""error_description"":""Ошибка проведения документа: Неверный тип товара #149 (AIR 75 IR SR HPR    0,9 х 30 м) в документе складского учета""},""fallback_update_response"":{""result"":{""document"":{""commentary"":""ав"",""createdBy"":13,""currency"":""KGS"",""dateCreate"":""2026-04-29T20:00:12+03:00"",""dateDocument"":null,""dateModify"":""2026-04-29T20:00:33+03:00"",""dateStatus"":""2026-04-29T20:00:12+03:00"",""docNumber"":""111"",""docType"":""D"",""id"":27,""modifiedBy"":13,""responsibleId"":1,""siteId"":""s1"",""status"":""N"",""statusBy"":null,""title"":""Списание #15"",""total"":null}},""time"":{""start"":1777471233,""finish"":1777471233.249,""duration"":0.24900102615356,""processing"":0,""date_start"":""2026-04-29T17:00:33+03:00"",""date_finish"":""2026-04-29T17:00:33+03:00"",""operating_reset_at"":1777471833,""operating"":0}},""auto_finalize_attempted"":true,""auto_finalize_mode"":""conduct_only""}"
"16","receipt","24242","он","аыуа","100000.00","posted","2026-04-29 17:16:39","29","partial","{""ok"":false,""stage"":""document.conduct"",""b24_document_id"":29,""response"":{""error"":""0"",""error_description"":""Ошибка проведения документа: Неверный тип товара #149 (AIR 75 IR SR HPR    0,9 х 30 м) в документе складского учета""},""fallback_update_response"":{""result"":{""document"":{""commentary"":""аыуа"",""createdBy"":13,""currency"":""KGS"",""dateCreate"":""2026-04-29T20:16:41+03:00"",""dateDocument"":null,""dateModify"":""2026-04-29T20:17:08+03:00"",""dateStatus"":""2026-04-29T20:16:41+03:00"",""docNumber"":""24242"",""docType"":""A"",""id"":29,""modifiedBy"":13,""responsibleId"":1,""siteId"":""s1"",""status"":""N"",""statusBy"":null,""title"":""Приход #16"",""total"":100000}},""time"":{""start"":1777472228,""finish"":1777472228.6908,""duration"":0.6907799243927,""processing"":0,""date_start"":""2026-04-29T17:17:08+03:00"",""date_finish"":""2026-04-29T17:17:08+03:00"",""operating_reset_at"":1777472828,""operating"":0.17972016334534}},""auto_finalize_attempted"":true,""auto_finalize_mode"":""conduct_only""}"
"17","receipt","545423","он","олдоррп","100000.00","posted","2026-04-29 17:24:42","31","partial","{""ok"":false,""stage"":""document.conduct"",""b24_document_id"":31,""response"":{""error"":""0"",""error_description"":""Ошибка проведения документа: Неверный тип товара #149 (AIR 75 IR SR HPR    0,9 х 30 м) в документе складского учета""},""fallback_update_response"":{""result"":{""document"":{""commentary"":""олдоррп"",""createdBy"":13,""currency"":""KGS"",""dateCreate"":""2026-04-29T20:24:45+03:00"",""dateDocument"":null,""dateModify"":""2026-04-29T20:25:41+03:00"",""dateStatus"":""2026-04-29T20:24:45+03:00"",""docNumber"":""545423"",""docType"":""A"",""id"":31,""modifiedBy"":13,""responsibleId"":1,""siteId"":""s1"",""status"":""N"",""statusBy"":null,""title"":""Приход #17"",""total"":100000}},""time"":{""start"":1777472741,""finish"":1777472741.2304,""duration"":0.23036408424377,""processing"":0,""date_start"":""2026-04-29T17:25:41+03:00"",""date_finish"":""2026-04-29T17:25:41+03:00"",""operating_reset_at"":1777473341,""operating"":0.45562338829041}},""line_responses"":[{""product_id"":41,""b24_product_id"":149,""amount"":30,""status"":""skip_existing_element""}]}"
"18","receipt","545423",,"вот","11287.50","posted","2026-04-30 12:09:52","33","partial","{""ok"":false,""stage"":""document.conduct"",""b24_document_id"":33,""response"":{""error"":""0"",""error_description"":""Ошибка проведения документа: Документ уже проведен""},""fallback_update_response"":{""error"":""0"",""error_description"":""Невозможно изменить проведённый документ""},""auto_finalize_attempted"":true,""auto_finalize_mode"":""conduct_only""}"
"16","15","41","AIR 75 IR SR HPR    0,9 х 30 м","0","0.00","20.00","0.00","0.00","2026-04-29 17:00:11","0.00","0.00","0.00","90.0000"
"17","16","41","AIR 75 IR SR HPR    0,9 х 30 м","1","30.00","30.00","90000.00","100000.00","2026-04-29 17:16:40","100000.00","0.00","0.00","90.0000"
"18","17","41","AIR 75 IR SR HPR    0,9 х 30 м","1","30.00","30.00","90000.00","100000.00","2026-04-29 17:24:43","100000.00","0.00","0.00","90.0000"
"19","18","40","AIR 75 IR SR HPR - 1,52 х 30 м","1","30.00","30.00","11287.50","11287.50","2026-04-30 12:09:53","0.00","129.00","0.00","87.5000"
